size,path
400,/
400,/.ac
400,/.ac.aine
400,/.ac.aine.kiritori
400,/.africa
400,/.africa.kirin
400,/.agency
400,/.agency.skunk
400,/.agency.skunk.puppy
400,/.agency.yuri
400,/.agency.yuri.mtfujoshipiss
400,/.agency.yuri.yokuyukihime
400,/.ai
400,/.ai.hune
400,/.ai.syui
400,/.ai.syui.yui
400,/.al
400,/.al.numet
400,/.app
400,/.app.bluecast
400,/.app.bluecast.feed
400,/.app.casey
400,/.app.ntw
400,/.app.ntw.nowbreezing
400,/.app.web
400,/.app.web.dontwannawork
400,/.ar
400,/.ar.deichator
400,/.ar.deichator.laranjadinho
400,/.ar.deichator.veiacaipira
400,/.army
400,/.army.vol
400,/.army.vol.cu4o2
400,/.art
400,/.art.alkraas
400,/.art.andariya
400,/.art.bispau
400,/.art.catsudon
400,/.art.creatinglightly
400,/.art.daletra
400,/.art.einin
400,/.art.gfascii
400,/.art.himeya
400,/.art.ikxi
400,/.art.ironraptorstudios
400,/.art.meihkov
400,/.art.moxiest
400,/.art.muirii
400,/.art.neon-ai
400,/.art.rinny
400,/.art.rosepuppies
400,/.art.runasolaris
400,/.art.spillb
400,/.art.yksoba
400,/.at
400,/.at.ac
400,/.at.ac.sfu
400,/.at.arminwolf
400,/.at.bitart
400,/.at.botspopuli
400,/.at.botspopuli.2000everyhour
400,/.at.flobock
400,/.at.korbstudio
400,/.at.mond
400,/.at.mosphere
400,/.at.mosphere.alice
400,/.at.ottocr
400,/.at.unterwurzacher
400,/.at.unterwurzacher.wetter
400,/.at.wurzelmann
400,/.au
400,/.au.darkviper
400,/.au.fotc
400,/.au.id
400,/.au.id.donnellan
400,/.au.id.donnellan.andrew
400,/.au.kotl
400,/.au.kotl.furrett
400,/.au.thoms
400,/.baby
400,/.baby.being
400,/.baby.being.borx
400,/.baby.lookitup
400,/.baby.wafer
400,/.be
400,/.be.gfox
400,/.be.goorden
400,/.be.kazzwata
400,/.be.nwanu
400,/.be.pixeline
400,/.be.vanvoorden
400,/.be.vanvoorden.mathy
400,/.be.vlec
400,/.beer
400,/.beer.florian
400,/.berlin
400,/.berlin.salutethepig
400,/.best
400,/.best.rat
400,/.best.skeet
400,/.bike
400,/.bike.hfx
400,/.bike.hfx.stats
400,/.bio
400,/.bio.nudesin
400,/.bio.secondlife
400,/.bio.secondlife.jojoopossum
400,/.biz
400,/.biz.d-o-g
400,/.biz.gobirds
400,/.biz.gobirds.garlicbuffalo
400,/.biz.stuartbruce
400,/.biz.studio-so
400,/.biz.studio-so.3jyou
400,/.black
400,/.black.wedge
400,/.blog
400,/.blog.algol
400,/.blog.clontz
400,/.blog.curiousbutterfly
400,/.blog.eliasisquith
400,/.blog.martinhp
400,/.blog.nonchan-gg
400,/.blue
400,/.blue.davidson
400,/.blue.edm
400,/.blue.edm.astateofpete
400,/.blue.edm.edmprincess
400,/.blue.edm.nick3lass
400,/.blue.edm.ravedad513
400,/.blue.gandr
400,/.blue.kieran
400,/.blue.poll
400,/.blue.sandman
400,/.blue.sgsk
400,/.blue.skyfleet
400,/.blue.skyfleet.begov
400,/.blue.skyfleet.cultish
400,/.blue.skyfleet.foodfeed
400,/.blue.skyfleet.mediasfr
400,/.blue.skyfleet.publicsenat
400,/.blue.skyfleet.sports
400,/.blue.skyfleet.trumpwatch
400,/.boo
400,/.boo.itazuratora
400,/.bot
400,/.bot.bluesky
400,/.bot.bluesky.cassette
400,/.bot.bluesky.dadjokesdaily
400,/.bot.bluesky.npm
400,/.bot.bluesky.pypi
400,/.bot.resist
400,/.bot.resist.letters
400,/.br
400,/.br.art
400,/.br.art.shanblackrx
400,/.br.com
400,/.br.com.anmtv
400,/.br.com.bskyte
400,/.br.com.caixadepixels
400,/.br.com.canoigomes
400,/.br.com.cartacapital
400,/.br.com.catracalivre
400,/.br.com.cintialoureiro
400,/.br.com.corinthians
400,/.br.com.corujo
400,/.br.com.daletra
400,/.br.com.dirsoament
400,/.br.com.ecodebate
400,/.br.com.eschodos
400,/.br.com.jesusmechicoteia
400,/.br.com.josivandroavelar
400,/.br.com.jungbluth
400,/.br.com.juventude
400,/.br.com.lucianosb
400,/.br.com.mangatom
400,/.br.com.maybarros
400,/.br.com.meutimao
400,/.br.com.mtgc
400,/.br.com.mtgc.duda
400,/.br.com.noticiasautomotivas
400,/.br.com.obispo
400,/.br.com.paunocu
400,/.br.com.paunocu.gabi
400,/.br.com.pelando
400,/.br.com.promotecgames
400,/.br.com.refogay
400,/.br.com.robertofaria
400,/.br.com.sccpnews
400,/.br.com.trivela
400,/.br.com.yaswinart
400,/.br.eco
400,/.br.eco.walker
400,/.br.net
400,/.br.net.adilson
400,/.br.net.adilson.g1-bot-rss
400,/.br.org
400,/.br.org.greenpeace
400,/.br.org.ok
400,/.ca
400,/.ca.apenwarr
400,/.ca.britishbulldawg
400,/.ca.bulsink
400,/.ca.bulsink.philip
400,/.ca.cabinradio
400,/.ca.colebaril
400,/.ca.devleader
400,/.ca.jvns
400,/.ca.jvns.b0rk
400,/.ca.mikeystone
400,/.ca.natelytle
400,/.ca.odcq
400,/.ca.reclinersports
400,/.ca.ryannorth
400,/.ca.thembees
400,/.ca.tvasports
400,/.ca.waxrepli
400,/.ca.woodward
400,/.cafe
400,/.cafe.aegis
400,/.cafe.aegis.segirly
400,/.cam
400,/.cam.galo
400,/.cam.galo.essesusersai
400,/.cat
400,/.cat.4xsample
400,/.cat.ara
400,/.cat.bsky
400,/.cat.bsky.escalivat
400,/.cat.endormis
400,/.cat.endormis.esta
400,/.cat.endormis.esta.auriwave
400,/.cat.lesbian
400,/.cat.lesbian.hongjoong
400,/.cat.lesbian.lavender
400,/.cat.lesbian.listentocrass
400,/.cat.lesbian.micasra
400,/.cat.lesbian.molhobabergui
400,/.cat.lesbian.reveriedotpsd
400,/.cat.lesbian.shiguang
400,/.cat.lesbian.tomatotaeyongs
400,/.cat.lesbian.wispflower
400,/.cat.lesbian.yel
400,/.cat.lesbian.yusuke
400,/.cat.oniondip420
400,/.cat.posts
400,/.cat.posts.0nyrium
400,/.cat.samuelmusic
400,/.cat.shy
400,/.cat.shy.akechoo
400,/.cat.shy.jerinbela
400,/.cat.shy.prefeita
400,/.cat.shy.vumi
400,/.cat.simmervalenciana
400,/.cat.the-gay
400,/.cat.the-gay.yuplys
400,/.cat.woke
400,/.cat.woke.clareayaki
400,/.cat.woke.exolnerade
400,/.cat.woke.gabisrisos
400,/.cat.woke.jinnie
400,/.cat.woke.nanamin
400,/.cat.woke.shinlixo
400,/.cat.woke.utdgawon
400,/.cc
400,/.cc.directxeon
400,/.cc.dont-panic
400,/.cc.dont-panic.martin
400,/.cc.pumpfirst
400,/.ch
400,/.ch.evnsocialnewswire
400,/.ch.evnsocialnewswire.esn
400,/.ch.hedger
400,/.ch.martinsteiger
400,/.ch.n4n0
400,/.ch.sable60
400,/.ch.tkte
400,/.ch.tugate
400,/.chat
400,/.chat.jim
400,/.church
400,/.church.needs
400,/.church.needs.zdravidz
400,/.city
400,/.city.blot
400,/.city.dyke
400,/.city.dyke.bonuslesbian
400,/.city.gock
400,/.city.gock.immortalamazonian
400,/.cl
400,/.cl.danielescobar
400,/.cl.eghoster
400,/.cl.eghoster.edu
400,/.cl.elsaiko
400,/.cloud
400,/.cloud.flockofravens
400,/.cloud.kden
400,/.cloud.leonardlanglois
400,/.cloud.matmcdonut
400,/.cloud.nyxical
400,/.club
400,/.club.araisan
400,/.club.araisan.sanshiro
400,/.club.brokenbeats
400,/.club.brokenbeats.kveta
400,/.club.fursona
400,/.club.fursona.myleswolf
400,/.club.fursona.reyquaza11
400,/.club.fursona.veesync
400,/.club.tripazeada
400,/.club.tripazeada.moiteneia
400,/.co
400,/.co.barine
400,/.co.cassidoo
400,/.co.chrisalex
400,/.co.ketanjoshi
400,/.co.lendami
400,/.co.luckypaper
400,/.co.luckypaper.andy
400,/.co.metalbear
400,/.co.pulse961
400,/.co.themarketingbrief
400,/.co.tmsnetwork
400,/.co.zch
400,/.codes
400,/.codes.rosa
400,/.com
400,/.com.35mmpapi
400,/.com.500songs
400,/.com.500songs.andrewhickey
400,/.com.90sfootball
400,/.com.96mochi
400,/.com.acontracorrientefilms
400,/.com.adamisacson
400,/.com.adelebuck
400,/.com.admopk
400,/.com.adomatlanta
400,/.com.aeltworld
400,/.com.agentsoffandom
400,/.com.ahorriblewaytodan
400,/.com.ahvahhediting
400,/.com.aisawa22
400,/.com.aizenimr
400,/.com.alanehill
400,/.com.albumism
400,/.com.alcocerfamily
400,/.com.alexandraerin
400,/.com.alexrudloff
400,/.com.alexwoodroe
400,/.com.almeidissimo
400,/.com.altmetric
400,/.com.alvinashcraft
400,/.com.amateurcrastinator
400,/.com.americanfietser
400,/.com.amitness
400,/.com.amnotdonut
400,/.com.andreaberkey
400,/.com.anfieldindex
400,/.com.anildash
400,/.com.annamcanallen
400,/.com.anon5r
400,/.com.anthonysutcliffe
400,/.com.antiguaroma
400,/.com.archez
400,/.com.archez.press
400,/.com.archez.press.www
400,/.com.ardkor
400,/.com.ardkor.bob
400,/.com.arivelazquez
400,/.com.arobertswrites
400,/.com.arranlets
400,/.com.arranlets.clydehouse
400,/.com.artbycreeps
400,/.com.artny
400,/.com.ashleybits
400,/.com.atlpresscollective
400,/.com.atlpresscollective.matt
400,/.com.axbom
400,/.com.badfutures
400,/.com.badwarden
400,/.com.baltimoretom
400,/.com.baseballamerica
400,/.com.batman-news
400,/.com.bazurk
400,/.com.beeblebrox
400,/.com.behindthebluemotel
400,/.com.bennosaurus
400,/.com.bigblagger
400,/.com.bigredbunni
400,/.com.bitbanter
400,/.com.biztoc
400,/.com.blackhobo
400,/.com.bloodyknockout
400,/.com.bloodyslam
400,/.com.boardsandswords
400,/.com.bomberstudios
400,/.com.bonpote
400,/.com.bookcreator
400,/.com.boringbutadequate
400,/.com.boringstorybook
400,/.com.bostoncubeparty
400,/.com.bostoncubeparty.ollie
400,/.com.bradenstone
400,/.com.braevitae
400,/.com.braevitae.adriaan
400,/.com.brandonfannin
400,/.com.brandonfannin.am
400,/.com.brandonfannin.am.i
400,/.com.breijen
400,/.com.brennigjones
400,/.com.brighamyoungmoney
400,/.com.brighamyoungmoney.slclunk
400,/.com.brukajones
400,/.com.brunosevilla
400,/.com.bsblend
400,/.com.bsblend.faceoff
400,/.com.bskycat
400,/.com.bulinews
400,/.com.bunikanovel
400,/.com.bytemaniacos
400,/.com.cannonstats
400,/.com.cannonstats.scott
400,/.com.carinilab
400,/.com.carinilab.uncultured
400,/.com.chagge
400,/.com.chagge.bsky
400,/.com.chagge.bsky.bob
400,/.com.chamwamba
400,/.com.chazonabaum
400,/.com.cheapassgamer
400,/.com.cheerrups
400,/.com.chillarybanks
400,/.com.chilliisland
400,/.com.chonkstv
400,/.com.chonkstv.mrchonks
400,/.com.chrishubbs
400,/.com.chrismdp
400,/.com.chrizzz42
400,/.com.chrpotr
400,/.com.chuckaviator
400,/.com.clarkesworldmagazine
400,/.com.clockworkoranje
400,/.com.cloudrva
400,/.com.cmrosens
400,/.com.colorizeimages
400,/.com.comicsforyall
400,/.com.connashots
400,/.com.coreyjwhite
400,/.com.cosmicshambles
400,/.com.courtneythurston
400,/.com.coveredgeekly
400,/.com.cozycononline
400,/.com.crickether
400,/.com.criticalchicken
400,/.com.cronoescalada
400,/.com.cryopolitics
400,/.com.crystalchadwick
400,/.com.ctrlaltcookie
400,/.com.cult-papa
400,/.com.cultpodcasts
400,/.com.cwbuecheler
400,/.com.dahliaadler
400,/.com.dahliaadler.missdahlelama
400,/.com.danaciocan
400,/.com.danifm
400,/.com.dankim
400,/.com.dannyducko
400,/.com.darrendilieto
400,/.com.daryllswer
400,/.com.dauntingmountain
400,/.com.davidcostales
400,/.com.dazwright
400,/.com.db4g
400,/.com.dcgod
400,/.com.dealradarx
400,/.com.deamplified
400,/.com.dearmrlevy
400,/.com.debbieohi
400,/.com.defeatmaga
400,/.com.delphianrecords
400,/.com.delphicoracleastrology
400,/.com.dendronneuro
400,/.com.derek-lieu
400,/.com.desertislandparks
400,/.com.devneill
400,/.com.dissky
400,/.com.dissky.scottkumka
400,/.com.djnrrd
400,/.com.doctorsinunite
400,/.com.dominablaize
400,/.com.doriantaylor
400,/.com.draftcountdown
400,/.com.draftcountdown.mirdashewrote
400,/.com.dreamcastbarber
400,/.com.durgell
400,/.com.eiga
400,/.com.eitacrispim
400,/.com.eleki
400,/.com.elespanol
400,/.com.ellemaran
400,/.com.emilevankrieken
400,/.com.emilioemm
400,/.com.emilysuess
400,/.com.enchantsims
400,/.com.enchenia
400,/.com.enchenia.sai
400,/.com.epoxxalypz
400,/.com.ericraslich
400,/.com.estellelaflamme
400,/.com.estoesdantesco
400,/.com.estoesdantesco.kurt
400,/.com.evadentz
400,/.com.evansp
400,/.com.evcurvefuturist
400,/.com.f1oversteer
400,/.com.famiconsumer
400,/.com.famiconsumer.gamemagprintads
400,/.com.famiconsumer.randochrontendo
400,/.com.fandompost
400,/.com.fastestfurs
400,/.com.fastestfurs.itsoasus
400,/.com.femsky
400,/.com.femsky.crazyfemboy
400,/.com.femsky.mark151
400,/.com.femsky.slightexcitement
400,/.com.ffring
400,/.com.flashthepublic
400,/.com.flashthepublic.voyeur
400,/.com.folha
400,/.com.fooddatanerd
400,/.com.footballdiarypodcast
400,/.com.footballdiarypodcast.mike
400,/.com.forbes
400,/.com.fortybelowzero
400,/.com.foxinuhhbox
400,/.com.francofernando
400,/.com.freddieposer
400,/.com.fredknight
400,/.com.fredsavard
400,/.com.fringemusicfix
400,/.com.fuckbgp
400,/.com.fuckbgp.andraste
400,/.com.gabeknew
400,/.com.gabethefirst
400,/.com.garbodog
400,/.com.gatheringinlight
400,/.com.gbhbl
400,/.com.genxknight
400,/.com.gertiethedino
400,/.com.girigiribauer
400,/.com.globo
400,/.com.globo.oglobo
400,/.com.gnomishplays
400,/.com.googlediscovery
400,/.com.gordonhudson
400,/.com.gorvan
400,/.com.gorvan.marwa
400,/.com.grahamc
400,/.com.greatideasnofollowthrough
400,/.com.greatideasnofollowthrough.bwsplitta
400,/.com.greghauenstein
400,/.com.gregoryteves
400,/.com.greydesire
400,/.com.guy2545
400,/.com.haghverdi
400,/.com.hegre
400,/.com.hegre.bsky
400,/.com.hegre.bsky.andrey
400,/.com.heliomass
400,/.com.henrystockdale
400,/.com.herrkaschke
400,/.com.hi-i-am-frank
400,/.com.hillheat
400,/.com.hillheat.climatebrad
400,/.com.hollerin-bout-the-cocks
400,/.com.hollowaykeanho
400,/.com.horizoneroundtable
400,/.com.houstonchronicle
400,/.com.hugoportillo
400,/.com.iainandjane
400,/.com.iainlee
400,/.com.iamahmedkhalifa
400,/.com.iandmorrison
400,/.com.ibuywaytoomanyrecords
400,/.com.ibuywaytoomanyrecords.timpopkid
400,/.com.iedamarcondes
400,/.com.igoncalves
400,/.com.iharig
400,/.com.iharig.nathan
400,/.com.imlunahey
400,/.com.imponix
400,/.com.insopportabile
400,/.com.inyourearholes
400,/.com.irishlegal
400,/.com.isabelleroughol
400,/.com.isthismoviesuitable
400,/.com.itslucaskim
400,/.com.ityslmemes
400,/.com.j1hd
400,/.com.jacobberglund
400,/.com.jambatt
400,/.com.jasonlmorgan
400,/.com.jasonstcyr
400,/.com.jaydotdice
400,/.com.jaysbrickblog
400,/.com.jeffkirwan
400,/.com.jempradio
400,/.com.jenpersson
400,/.com.jeremydaly
400,/.com.jeremydstanley
400,/.com.jeremyrickard
400,/.com.jerrylevine
400,/.com.jessewestbennett
400,/.com.jesusgallent
400,/.com.jezner
400,/.com.jillianscudder
400,/.com.jimblimey
400,/.com.jjude
400,/.com.jmplourde
400,/.com.joaquimgomes
400,/.com.joeysourlis
400,/.com.johannesecker
400,/.com.johnnunemaker
400,/.com.johnnydobbo
400,/.com.jonallured
400,/.com.joncanning
400,/.com.jonniola
400,/.com.joseantoniogelado
400,/.com.josephscript
400,/.com.joshuafoust
400,/.com.joshwenke
400,/.com.journaldemontreal
400,/.com.journaldequebec
400,/.com.juliaangwin
400,/.com.justinbrehm
400,/.com.justunderreality
400,/.com.kachelmannwetter
400,/.com.kaizengameworks
400,/.com.kaplayjs
400,/.com.kapriyelov
400,/.com.katday
400,/.com.katday.chronicleflask
400,/.com.katebevan
400,/.com.kateviolette
400,/.com.katherinesinclair
400,/.com.katiefielding
400,/.com.kawakhwan
400,/.com.kaykaboom
400,/.com.kayleighbourquin
400,/.com.kayleighbourquin.kaelyrhn
400,/.com.kbspangler
400,/.com.keithdevon
400,/.com.kevinjkircher
400,/.com.kilohearts
400,/.com.kinniku-machoco
400,/.com.kirankumarvo
400,/.com.kitrocha
400,/.com.kitrocha.mostlybree
400,/.com.kittycrawford
400,/.com.kj2294
400,/.com.kkamka
400,/.com.koleloehmer
400,/.com.koreankitchencardiff
400,/.com.kriswernowsky
400,/.com.krlivermore
400,/.com.krzyzanowskim
400,/.com.kylatilley
400,/.com.kyloson
400,/.com.labrujula24
400,/.com.laesquinadelrol
400,/.com.lafayettepodcast
400,/.com.laurapikpik
400,/.com.laveaucontraire
400,/.com.lazysano
400,/.com.lecrab
400,/.com.lecstor
400,/.com.ledevoir
400,/.com.legalizemaradona
400,/.com.lemonwatcher
400,/.com.leostera
400,/.com.lesliefarnsworth
400,/.com.lesoleil
400,/.com.letsaskyourmom
400,/.com.lexaprogrammer
400,/.com.limaalef
400,/.com.lostsync
400,/.com.loved-in
400,/.com.lucasemrede
400,/.com.lukestein
400,/.com.lunasapphire
400,/.com.lynneadriaansedesigns
400,/.com.lyresdictionary
400,/.com.madebyjaede
400,/.com.madrillano
400,/.com.malmer
400,/.com.manjabay
400,/.com.manjabay.travis
400,/.com.marcoalmada
400,/.com.marcusjcarey
400,/.com.marieleconte
400,/.com.marieleconte.youngvulgarian
400,/.com.markantonyowen
400,/.com.markjbrown
400,/.com.marksugrue
400,/.com.martaarpini
400,/.com.marvinschmitt
400,/.com.maryscottoconnor
400,/.com.matbennett
400,/.com.matigenero
400,/.com.matthamm
400,/.com.matthewguy
400,/.com.mattortega
400,/.com.mdebolle
400,/.com.mediagazer
400,/.com.mediaor
400,/.com.megagremlin
400,/.com.mekynism
400,/.com.memeorandum
400,/.com.micaelsilva
400,/.com.michaelbeecham
400,/.com.michellesavageauthor
400,/.com.michifm
400,/.com.mikehabegger
400,/.com.mikiobraun
400,/.com.misentropic
400,/.com.misentropic.vnclotto
400,/.com.mitchikeuchi
400,/.com.moishegrosh
400,/.com.motorcityadam
400,/.com.mountainmagesigs
400,/.com.muiiio
400,/.com.mundorubronegro
400,/.com.murrhole
400,/.com.murrhole.duatauru
400,/.com.mvrwc
400,/.com.mycrappygames
400,/.com.myraccoonhands
400,/.com.mzyy94
400,/.com.nateglass
400,/.com.nathanwrigley
400,/.com.nayfinz
400,/.com.neilretail
400,/.com.nerdblitz
400,/.com.nerdblitz.doom
400,/.com.nerdmaldito
400,/.com.nerdywoof
400,/.com.nerdywoof.dadger
400,/.com.newsmax
400,/.com.niallpoints
400,/.com.niallpoints.niall
400,/.com.nickchillphoto
400,/.com.nicknisi
400,/.com.nicola-allan
400,/.com.nicolasycote
400,/.com.nidonocu
400,/.com.niezabitowski
400,/.com.nikkei
400,/.com.nikoheart
400,/.com.nikolaia
400,/.com.nikostratis
400,/.com.nintendolife
400,/.com.nitishpahwa
400,/.com.niwaka-movie
400,/.com.npg-net
400,/.com.nu-san
400,/.com.nufcthreatlevel
400,/.com.nytimes
400,/.com.offendingcommit
400,/.com.ognikipooh
400,/.com.onceuponawasteland
400,/.com.onceuponawasteland.reticentduet
400,/.com.onlyfush
400,/.com.oradeanul
400,/.com.oraphaborges
400,/.com.orbital-station
400,/.com.orbital-station.lenia
400,/.com.osintukraine
400,/.com.osintukraine.videos
400,/.com.osprey74
400,/.com.ottoojala
400,/.com.pandako
400,/.com.pandasugarbutt
400,/.com.papito208
400,/.com.parkendium
400,/.com.parkendium.disneylandhourly
400,/.com.pawsandleaves
400,/.com.pearlriverflow
400,/.com.pensamentosequivocados
400,/.com.pensamentosequivocados.doctorclimao
400,/.com.perfectly-nintendo
400,/.com.philfreo
400,/.com.philipbordallo
400,/.com.philrickaby
400,/.com.phineasdelgado
400,/.com.phoenixfm
400,/.com.pixigeko
400,/.com.pixigeko.randomoji
400,/.com.pixlz
400,/.com.plaicebo
400,/.com.plumeplotter
400,/.com.politicalpunk
400,/.com.porkchonk
400,/.com.porqupine-ridge
400,/.com.portalpopcyber
400,/.com.postabdn
400,/.com.poutrage
400,/.com.prideandprophecy
400,/.com.princejvstin
400,/.com.progressivebitcoiner
400,/.com.psycheplays
400,/.com.purexbox
400,/.com.pushsquare
400,/.com.pylawn
400,/.com.quinreystudios
400,/.com.rabbitflowerdiary
400,/.com.rabbitflowerdiary.timothy
400,/.com.rafaelthz
400,/.com.rafaelthz.algoritmo
400,/.com.raitako
400,/.com.rardk64
400,/.com.rardk64.rarbot
400,/.com.ratmachine
400,/.com.rderewianko
400,/.com.readheavyobject
400,/.com.readheavyobject.pikashockz
400,/.com.recklesscoding
400,/.com.redissi
400,/.com.redissi.ilias
400,/.com.renaudjoly
400,/.com.renkotsuban
400,/.com.retalora
400,/.com.retrostreamers
400,/.com.reuters
400,/.com.rfkjrbrainworm
400,/.com.rhetoricstudios
400,/.com.rhetoricstudios.garrick
400,/.com.riavanitas
400,/.com.ricardojuchem
400,/.com.rickinbaltimore
400,/.com.rikferguson
400,/.com.ringsidenews
400,/.com.riverkenna
400,/.com.riverzombies
400,/.com.riverzombies.bearsavo
400,/.com.robertblakey
400,/.com.robertjlphibbs
400,/.com.robinkaljouw
400,/.com.robonza
400,/.com.robpegoraro
400,/.com.robsewell
400,/.com.romewithadot
400,/.com.rorymon
400,/.com.rotorri
400,/.com.rousingthekop
400,/.com.rreverser
400,/.com.rued
400,/.com.sabrinamedwinter
400,/.com.sachajudd
400,/.com.samonthewebs
400,/.com.samvelyan
400,/.com.sanchomps
400,/.com.satoryu
400,/.com.scalzi
400,/.com.sccjono
400,/.com.screwdriversineverypocket
400,/.com.seascape323
400,/.com.seasonedgaming
400,/.com.semafor
400,/.com.senatorcosta
400,/.com.sevitz
400,/.com.shadowodoggo
400,/.com.shallowseasgallery
400,/.com.shiftypumpkin
400,/.com.shitpostbot
400,/.com.shrutibalasa
400,/.com.simonashbery
400,/.com.simoncroberts
400,/.com.simonlester
400,/.com.simovirtanen
400,/.com.simplementevelasquez
400,/.com.sitraxis
400,/.com.skerry-tech
400,/.com.skerry-tech.ncweaver
400,/.com.skymoji
400,/.com.skynetandchill
400,/.com.smenor
400,/.com.snoozingscribbles
400,/.com.snoutup
400,/.com.snowfloke
400,/.com.so-asano
400,/.com.sonsetecrits
400,/.com.spectramis
400,/.com.stabatha
400,/.com.stalane
400,/.com.standingintheodds
400,/.com.standingintheodds.ronk
400,/.com.starhavenstudios
400,/.com.starsongent
400,/.com.starsongent.colettemilky
400,/.com.stayplayingnick
400,/.com.std201
400,/.com.std201.801
400,/.com.steve-levine
400,/.com.steveunofficial
400,/.com.stinasdemons
400,/.com.stlemke
400,/.com.stockydudes
400,/.com.storrscentral
400,/.com.subboyforhung
400,/.com.surikue
400,/.com.suspense-thrillers
400,/.com.sustainabletranslator
400,/.com.sustainabletranslator.yunod
400,/.com.sweetturtleberry
400,/.com.swrpggm
400,/.com.sympraxisconsulting
400,/.com.tailgatexxx
400,/.com.tarsisazevedo
400,/.com.taterthetaidum
400,/.com.tayloredbites
400,/.com.tfrohock
400,/.com.the-enigma-files
400,/.com.theconversation
400,/.com.theconversation.uk
400,/.com.thecrimsontint
400,/.com.theglobeandmail
400,/.com.thegolfinggazette
400,/.com.theguardian
400,/.com.thehanna
400,/.com.thekenchilds
400,/.com.themccook
400,/.com.theobr
400,/.com.theodramatist
400,/.com.thepixelpost
400,/.com.thepixelpost.tritri
400,/.com.therobmilton
400,/.com.therubenfdez
400,/.com.theweatheroutlook
400,/.com.thomasadamcurry
400,/.com.thoughtpunks
400,/.com.tobiasdienlin
400,/.com.todayonsteam
400,/.com.todepond
400,/.com.tomik2point0
400,/.com.tomkahe
400,/.com.tomkahe.pokemon
400,/.com.tomshubert
400,/.com.tonybark
400,/.com.trampolinetales
400,/.com.transatlanticalison
400,/.com.trekgeeks
400,/.com.trekgeeks.adeena
400,/.com.trentanthonyfrancis
400,/.com.tromboneben
400,/.com.trowicia
400,/.com.turkishminute
400,/.com.tveskov
400,/.com.ubanis
400,/.com.uldegrova
400,/.com.ulexryu
400,/.com.unitedinfocus
400,/.com.unitynowcomms
400,/.com.unmadegaming
400,/.com.uploadvr
400,/.com.upstract
400,/.com.vaibhavsagar
400,/.com.vampirehusbando
400,/.com.ventotagliente
400,/.com.verysrsgames
400,/.com.vinceunderwood
400,/.com.vinceunderwood.vince
400,/.com.vixenbrushstudios
400,/.com.vondoscht
400,/.com.wademinter
400,/.com.waelelrifai
400,/.com.wagatwe
400,/.com.waitmanwbeorn
400,/.com.warringtonruncorn
400,/.com.washingtonpost
400,/.com.wearysky
400,/.com.westendtheatre
400,/.com.whaleoilcandles
400,/.com.whaleoilcandles.stevesteverers
400,/.com.wickcommunications
400,/.com.wickcommunications.donjudd
400,/.com.wobblerocket
400,/.com.workspott
400,/.com.wotrradionetwork
400,/.com.wrestlebr
400,/.com.wyattkirby
400,/.com.wyattswickedgoods
400,/.com.wyrdingstudios
400,/.com.xaviersolert
400,/.com.xe132
400,/.com.xetdaspromocoes
400,/.com.xkaosx
400,/.com.xverfiend
400,/.com.xvinkage
400,/.com.yokai64
400,/.com.yoran
400,/.com.yousaytwosin
400,/.com.zacheverson
400,/.com.zacklabe
400,/.com.zalatoy
400,/.com.zaynedrift
400,/.com.zeipad
400,/.com.zerodayanubis
400,/.com.zestaperdiendo
400,/.computer
400,/.computer.fleur
400,/.contact
400,/.contact.magenta
400,/.contact.magenta.sirenofthestars
400,/.cool
400,/.cool.queer
400,/.cool.roel
400,/.cool.vibes
400,/.cool.vibes.tonymonyana
400,/.cx
400,/.cx.hermes
400,/.cx.v
400,/.cx.v.solar
400,/.cx.v.solar.karachi
400,/.cx.v.solar.mumbai
400,/.cyou
400,/.cyou.ekkie
400,/.cz
400,/.cz.mecesty
400,/.cz.stepanrysavy
400,/.cz.vyplnto
400,/.dad
400,/.dad.acab
400,/.dad.tayloramurphy
400,/.dad.thatgeeky
400,/.day
400,/.day.marty
400,/.de
400,/.de.aboveedxw
400,/.de.actrophp
400,/.de.bayern
400,/.de.bayern.lfu
400,/.de.bediko
400,/.de.calien
400,/.de.chown
400,/.de.datawrapper
400,/.de.dimitrinabokoff
400,/.de.dirkmurschall
400,/.de.djv
400,/.de.dondahlmann
400,/.de.evil-ed
400,/.de.fleggo
400,/.de.geuer-pollmann
400,/.de.geuer-pollmann.chgeuer
400,/.de.geuer-pollmann.chgeuer.archive
400,/.de.harviel
400,/.de.joergprante
400,/.de.jogabilida
400,/.de.jogabilida.majin
400,/.de.julianebienert
400,/.de.krankenpflegel
400,/.de.margio
400,/.de.mpoessel
400,/.de.oliver-konow
400,/.de.pankowerpflanze
400,/.de.remszeitung
400,/.de.rlp
400,/.de.silberkind
400,/.de.spiegel
400,/.de.stadt-muenster
400,/.de.tagesspiegel
400,/.de.werder
400,/.de.werder.es
400,/.de.winfuture
400,/.design
400,/.design.cello
400,/.design.hicks
400,/.dev
400,/.dev.andrebreia
400,/.dev.bravesirthomas
400,/.dev.bsb
400,/.dev.buttes
400,/.dev.caseportman
400,/.dev.cfreak
400,/.dev.codafofo
400,/.dev.codafofo.catppuccino
400,/.dev.danbarclay
400,/.dev.danielhe4rt
400,/.dev.daniharo
400,/.dev.donohoe
400,/.dev.eatch
400,/.dev.enitoni
400,/.dev.flep
400,/.dev.folf
400,/.dev.forcepushmain
400,/.dev.forst
400,/.dev.frizzbees
400,/.dev.frizzbees.glassbeachlyrics
400,/.dev.fry69
400,/.dev.gserrano
400,/.dev.hirbod
400,/.dev.hmans
400,/.dev.hudovich
400,/.dev.isafashion
400,/.dev.jacobtomlinson
400,/.dev.jacobtomlinson.bots
400,/.dev.jacobtomlinson.bots.goodfirstissue
400,/.dev.jakecarpenter
400,/.dev.jfversluis
400,/.dev.joewoods
400,/.dev.jschof
400,/.dev.marcduiker
400,/.dev.marois
400,/.dev.mason
400,/.dev.moogle
400,/.dev.ovni
400,/.dev.project-grimoire
400,/.dev.project-grimoire.bot
400,/.dev.ranolp
400,/.dev.rathbone
400,/.dev.rayo75
400,/.dev.santana
400,/.dev.santoshhari
400,/.dev.satler
400,/.dev.shckor
400,/.dev.solarise
400,/.dev.tayloreric
400,/.dev.toddl
400,/.dev.venki
400,/.dev.venki.blogsky
400,/.dev.venki.blogsky.const-physics
400,/.dev.vwgame
400,/.dev.xent
400,/.dev.yexx
400,/.digital
400,/.digital.flippers
400,/.digital.robbowen
400,/.dk
400,/.dk.aggemam
400,/.dk.aggemam.hoeringer
400,/.dk.aggemam.paragraf20
400,/.dk.foljeton
400,/.dk.foljeton.ipland
400,/.dk.nikolajhave
400,/.dk.superstats
400,/.dk.thefaaborg
400,/.dog
400,/.dog.arff
400,/.dog.arff.kurokuri
400,/.dog.badfucking
400,/.dog.collared
400,/.dog.frost
400,/.dog.heika
400,/.dog.kiracollie
400,/.dog.romaine
400,/.dog.slut
400,/.dog.slut.alphapupblue
400,/.dog.slut.aster
400,/.dog.yorimichi
400,/.dog.zaftikat
400,/.download
400,/.download.zipbomb
400,/.education
400,/.education.plmr
400,/.ee
400,/.ee.metal
400,/.ee.rdn
400,/.es
400,/.es.20minutos
400,/.es.bsky
400,/.es.bsky.aaron
400,/.es.bsky.ariakas
400,/.es.bsky.tortuphone
400,/.es.cordopolis
400,/.es.eldiario
400,/.es.electomania
400,/.es.eudestruireivoc
400,/.es.eudestruireivoc.isa
400,/.es.frandalf
400,/.es.jotdown
400,/.es.jotdown.ricardojg
400,/.es.pabloechenique
400,/.es.peark
400,/.es.petegain
400,/.es.swop
400,/.es.watif
400,/.eu
400,/.eu.aghdom
400,/.eu.benmorris
400,/.eu.jeffbarrett
400,/.eu.margaretcastor
400,/.eu.mgobl
400,/.eu.musicraft
400,/.eu.newsireland
400,/.eu.politico
400,/.eu.stankiewiczm
400,/.expert
400,/.expert.somatoform
400,/.family
400,/.family.bfr
400,/.family.bfr.gazetabotafogo
400,/.fi
400,/.fi.criminallycute
400,/.fi.juhalipponen
400,/.fi.ku
400,/.fi.pelitutkimus
400,/.fi.peliuutistoimisto
400,/.fish
400,/.fish.felina
400,/.fish.nanamiasari
400,/.fm
400,/.fm.scruffyfox
400,/.foo
400,/.foo.fighting
400,/.fr
400,/.fr.alford
400,/.fr.alth
400,/.fr.astrolabe-science
400,/.fr.behel
400,/.fr.cartorum
400,/.fr.charliehebdo
400,/.fr.chattal-versailles
400,/.fr.chattal-versailles.chambellan
400,/.fr.cpesr
400,/.fr.cpesr.alexis-verger
400,/.fr.cpesr.minimaliste13
400,/.fr.cpesr.pierrebat
400,/.fr.cyberhexagone
400,/.fr.dedelajoie
400,/.fr.doxylamine
400,/.fr.eduhem
400,/.fr.enailis
400,/.fr.ficson
400,/.fr.ficson.francoistjp
400,/.fr.ficson.mimiryudo
400,/.fr.humanite
400,/.fr.infox
400,/.fr.kquatres
400,/.fr.lemonde
400,/.fr.luxifer
400,/.fr.netravaillezjamais
400,/.fr.nocle
400,/.fr.nocle.jonathanmm
400,/.fr.offbeat
400,/.fr.offbeat.neru
400,/.fr.onestfurax
400,/.fr.onestfurax.nat-ali
400,/.fr.opa-belt
400,/.fr.opa-belt.totor65
400,/.fr.orynick
400,/.fr.ptaah
400,/.fr.sastien
400,/.fr.signez
400,/.fr.stephgauthier06
400,/.fr.verchere
400,/.fr.verchere.r
400,/.fr.zwindler
400,/.fun
400,/.fun.rallicat
400,/.fun.riiku
400,/.fyi
400,/.fyi.bethcooper
400,/.fyi.im-a-dragon
400,/.gal
400,/.gal.dragon
400,/.gal.dragon.nsfw
400,/.garden
400,/.garden.bunne
400,/.garden.bunne.mae
400,/.gay
400,/.gay.antonarcana
400,/.gay.artie
400,/.gay.asterisk
400,/.gay.bird
400,/.gay.bird.void
400,/.gay.bismuth
400,/.gay.bismuth.bunny
400,/.gay.bloody
400,/.gay.bonjour
400,/.gay.bonjour.o-be-one
400,/.gay.buncrimes
400,/.gay.castelle
400,/.gay.creature
400,/.gay.dollspace
400,/.gay.duckenjoyer
400,/.gay.fatcatgirls
400,/.gay.fluff
400,/.gay.fluff.bagelbou
400,/.gay.gaia
400,/.gay.girlrose
400,/.gay.hephaestion
400,/.gay.is-extremely
400,/.gay.is-extremely.aloy
400,/.gay.is-extremely.canlbalottie
400,/.gay.is-extremely.sancsla
400,/.gay.is-extremely.staub
400,/.gay.is-extremely.stylinhoo
400,/.gay.is-extremely.taylorswift
400,/.gay.miiask
400,/.gay.natty
400,/.gay.pages
400,/.gay.pages.atom
400,/.gay.parisien
400,/.gay.smacky
400,/.gay.starshines
400,/.gay.straub
400,/.gay.tsuki
400,/.gay.zen
400,/.gf
400,/.gf.hacker
400,/.gf.hacker.valkyrie
400,/.gg
400,/.gg.greybeard
400,/.gg.jcg
400,/.gg.kasai
400,/.gg.tk
400,/.gg.wolfdo
400,/.gg.wolfdo.frost
400,/.graphics
400,/.graphics.grapenutsrobot
400,/.gy
400,/.gy.brid
400,/.gy.brid.ap
400,/.gy.brid.ap.art
400,/.gy.brid.ap.art.misskey
400,/.gy.brid.ap.art.misskey.gotogoto
400,/.gy.brid.ap.band
400,/.gy.brid.ap.band.goblin
400,/.gy.brid.ap.band.goblin.berin
400,/.gy.brid.ap.business
400,/.gy.brid.ap.business.mstdn
400,/.gy.brid.ap.business.mstdn.cornovia-postcards
400,/.gy.brid.ap.ca
400,/.gy.brid.ap.ca.moimeme
400,/.gy.brid.ap.ca.moimeme.mstdn
400,/.gy.brid.ap.ca.moimeme.mstdn.EdwinG
400,/.gy.brid.ap.ca.mstdn
400,/.gy.brid.ap.ca.mstdn.heliomass
400,/.gy.brid.ap.cafe
400,/.gy.brid.ap.cafe.medic
400,/.gy.brid.ap.cafe.medic.mikka
400,/.gy.brid.ap.city
400,/.gy.brid.ap.city.plush
400,/.gy.brid.ap.city.plush.mawr
400,/.gy.brid.ap.cl
400,/.gy.brid.ap.cl.lile
400,/.gy.brid.ap.cl.lile.rockaxisoficial
400,/.gy.brid.ap.cl.lile.uchileradio
400,/.gy.brid.ap.com
400,/.gy.brid.ap.com.1uca
400,/.gy.brid.ap.com.1uca.weather
400,/.gy.brid.ap.com.9ineverse
400,/.gy.brid.ap.com.9ineverse.thukikage26
400,/.gy.brid.ap.com.collabfc
400,/.gy.brid.ap.com.collabfc.brightonandhove
400,/.gy.brid.ap.com.collabfc.brightonandhove.news
400,/.gy.brid.ap.com.collabfc.fiorentina
400,/.gy.brid.ap.com.collabfc.fiorentina.news
400,/.gy.brid.ap.com.collabfc.inter
400,/.gy.brid.ap.com.collabfc.inter.news
400,/.gy.brid.ap.com.collabfc.lazio
400,/.gy.brid.ap.com.collabfc.lazio.news
400,/.gy.brid.ap.com.collabfc.manu
400,/.gy.brid.ap.com.collabfc.manu.news
400,/.gy.brid.ap.com.collabfc.milan
400,/.gy.brid.ap.com.collabfc.milan.news
400,/.gy.brid.ap.com.collabfc.napoli
400,/.gy.brid.ap.com.collabfc.napoli.news
400,/.gy.brid.ap.com.collabfc.werder
400,/.gy.brid.ap.com.collabfc.werder.news
400,/.gy.brid.ap.com.fedibird
400,/.gy.brid.ap.com.fedibird.4neco-vie
400,/.gy.brid.ap.com.fedibird.800088881k
400,/.gy.brid.ap.com.fedibird.FE-A
400,/.gy.brid.ap.com.fedibird.NightLights
400,/.gy.brid.ap.com.fedibird.benizake
400,/.gy.brid.ap.com.fedibird.chaperon
400,/.gy.brid.ap.com.fedibird.coasa
400,/.gy.brid.ap.com.fedibird.dampuzakura
400,/.gy.brid.ap.com.fedibird.shaula-sn
400,/.gy.brid.ap.com.fedibird.tiidori
400,/.gy.brid.ap.com.flipboard
400,/.gy.brid.ap.com.flipboard.FlipboardBR
400,/.gy.brid.ap.com.maniakey
400,/.gy.brid.ap.com.maniakey.ryuga5118
400,/.gy.brid.ap.com.mivatter
400,/.gy.brid.ap.com.mivatter.susirisu
400,/.gy.brid.ap.com.mivatter.tucalu
400,/.gy.brid.ap.com.obak-key
400,/.gy.brid.ap.com.obak-key.si-rubber
400,/.gy.brid.ap.com.oekakiskey
400,/.gy.brid.ap.com.oekakiskey.matildababy
400,/.gy.brid.ap.com.oekakiskey.owl5571
400,/.gy.brid.ap.com.retro-gaiden
400,/.gy.brid.ap.com.retro-gaiden.dailysms
400,/.gy.brid.ap.com.somaton
400,/.gy.brid.ap.com.somaton.hub
400,/.gy.brid.ap.com.somaton.hub.testc7
400,/.gy.brid.ap.com.takusuki
400,/.gy.brid.ap.com.takusuki.DDQ
400,/.gy.brid.ap.com.takusuki.myamya
400,/.gy.brid.ap.contact
400,/.gy.brid.ap.contact.jemal
400,/.gy.brid.ap.contact.jemal.jemal
400,/.gy.brid.ap.cz
400,/.gy.brid.ap.cz.mastodonczech
400,/.gy.brid.ap.cz.mastodonczech.elfkam
400,/.gy.brid.ap.de
400,/.gy.brid.ap.de.amichan
400,/.gy.brid.ap.de.amichan.social
400,/.gy.brid.ap.de.amichan.social.ron
400,/.gy.brid.ap.eu
400,/.gy.brid.ap.eu.todon
400,/.gy.brid.ap.eu.todon.anarchistquotes
400,/.gy.brid.ap.fi
400,/.gy.brid.ap.fi.eliitin-some
400,/.gy.brid.ap.fi.eliitin-some.eljas
400,/.gy.brid.ap.flowers
400,/.gy.brid.ap.flowers.misskey
400,/.gy.brid.ap.flowers.misskey.izuminon-PBW
400,/.gy.brid.ap.fun
400,/.gy.brid.ap.fun.gamelore
400,/.gy.brid.ap.fun.gamelore.misskey
400,/.gy.brid.ap.fun.gamelore.misskey.8haimi
400,/.gy.brid.ap.fun.gamelore.misskey.Marinedrops-FD
400,/.gy.brid.ap.fun.gamelore.misskey.amatsu999
400,/.gy.brid.ap.fun.gamelore.misskey.natsumf
400,/.gy.brid.ap.games
400,/.gy.brid.ap.games.rhythmisskey
400,/.gy.brid.ap.games.rhythmisskey.Ryusei-33-635
400,/.gy.brid.ap.gay
400,/.gy.brid.ap.gay.thetransagenda
400,/.gy.brid.ap.gay.thetransagenda.phoenix-fairy
400,/.gy.brid.ap.gg
400,/.gy.brid.ap.gg.wolfdo
400,/.gy.brid.ap.gg.wolfdo.unnick
400,/.gy.brid.ap.host
400,/.gy.brid.ap.host.dimension
400,/.gy.brid.ap.host.dimension.Eimyrja
400,/.gy.brid.ap.io
400,/.gy.brid.ap.io.hachyderm
400,/.gy.brid.ap.io.hachyderm.fasterthanlime
400,/.gy.brid.ap.io.hachyderm.funnelfiasco
400,/.gy.brid.ap.io.misskey
400,/.gy.brid.ap.io.misskey.36555023
400,/.gy.brid.ap.io.misskey.Kirigaoka
400,/.gy.brid.ap.io.misskey.Kiseki-Kitaru
400,/.gy.brid.ap.io.misskey.Lbcr
400,/.gy.brid.ap.io.misskey.Raylyn0w0
400,/.gy.brid.ap.io.misskey.Yuki-udon
400,/.gy.brid.ap.io.misskey.a10
400,/.gy.brid.ap.io.misskey.alk-first
400,/.gy.brid.ap.io.misskey.circleyamato
400,/.gy.brid.ap.io.misskey.harukake325
400,/.gy.brid.ap.io.misskey.hasunohappa
400,/.gy.brid.ap.io.misskey.hiramy
400,/.gy.brid.ap.io.misskey.hitodori
400,/.gy.brid.ap.io.misskey.jemsan3
400,/.gy.brid.ap.io.misskey.kame777
400,/.gy.brid.ap.io.misskey.kiginu
400,/.gy.brid.ap.io.misskey.matildababy
400,/.gy.brid.ap.io.misskey.matoiridrops
400,/.gy.brid.ap.io.misskey.nachukoma
400,/.gy.brid.ap.io.misskey.naruis
400,/.gy.brid.ap.io.misskey.oyzk
400,/.gy.brid.ap.io.misskey.purin9987
400,/.gy.brid.ap.io.misskey.ryuru
400,/.gy.brid.ap.io.misskey.tea-cup
400,/.gy.brid.ap.io.misskey.wawawama
400,/.gy.brid.ap.jp
400,/.gy.brid.ap.jp.garmy
400,/.gy.brid.ap.jp.garmy.activitypub
400,/.gy.brid.ap.jp.garmy.activitypub.garmy
400,/.gy.brid.ap.jp.mstdn
400,/.gy.brid.ap.jp.mstdn.0418
400,/.gy.brid.ap.jp.mstdn.REBI
400,/.gy.brid.ap.jp.mstdn.plentyofquality
400,/.gy.brid.ap.la
400,/.gy.brid.ap.la.niri
400,/.gy.brid.ap.la.niri.misskey
400,/.gy.brid.ap.la.niri.misskey.kaiser
400,/.gy.brid.ap.life
400,/.gy.brid.ap.life.autistics
400,/.gy.brid.ap.life.autistics.VulcanTourist
400,/.gy.brid.ap.lol
400,/.gy.brid.ap.lol.social
400,/.gy.brid.ap.lol.social.amerpie
400,/.gy.brid.ap.love
400,/.gy.brid.ap.love.suyasuya
400,/.gy.brid.ap.love.suyasuya.Sng-tqis26
400,/.gy.brid.ap.lt
400,/.gy.brid.ap.lt.group
400,/.gy.brid.ap.lt.group.river
400,/.gy.brid.ap.lt.group.river.aidasb
400,/.gy.brid.ap.lt.group.river.kroitus
400,/.gy.brid.ap.moe
400,/.gy.brid.ap.moe.nijimiss
400,/.gy.brid.ap.moe.nijimiss.Mazegohan
400,/.gy.brid.ap.moe.nijimiss.mennrui-ss
400,/.gy.brid.ap.moe.nijimiss.mizunashi444
400,/.gy.brid.ap.moe.planet
400,/.gy.brid.ap.moe.planet.flatstream
400,/.gy.brid.ap.moe.shelter
400,/.gy.brid.ap.moe.shelter.Zatsu
400,/.gy.brid.ap.net
400,/.gy.brid.ap.net.fohte
400,/.gy.brid.ap.net.fohte.social
400,/.gy.brid.ap.net.fohte.social.fohte
400,/.gy.brid.ap.net.kodow
400,/.gy.brid.ap.net.kodow.schwarzewald
400,/.gy.brid.ap.net.live-theater
400,/.gy.brid.ap.net.live-theater.akawi
400,/.gy.brid.ap.net.mastodon-japan
400,/.gy.brid.ap.net.mastodon-japan.ore-orue
400,/.gy.brid.ap.net.mkkey
400,/.gy.brid.ap.net.mkkey.hourai1341
400,/.gy.brid.ap.net.okin-jp
400,/.gy.brid.ap.net.okin-jp.mi
400,/.gy.brid.ap.net.okin-jp.mi.okin-p
400,/.gy.brid.ap.net.simply-life
400,/.gy.brid.ap.net.simply-life.mastodon
400,/.gy.brid.ap.net.simply-life.mastodon.wouter
400,/.gy.brid.ap.net.tarbin
400,/.gy.brid.ap.net.tarbin.novelskey
400,/.gy.brid.ap.net.tarbin.novelskey.Yuto
400,/.gy.brid.ap.net.tarbin.novelskey.anjojonaonja
400,/.gy.brid.ap.net.tarbin.novelskey.chocoholic
400,/.gy.brid.ap.net.tarbin.novelskey.taku1531
400,/.gy.brid.ap.nu
400,/.gy.brid.ap.nu.mastodon
400,/.gy.brid.ap.nu.mastodon.Jonas-Bostrom
400,/.gy.brid.ap.nu.mastodon.lindstromsofia
400,/.gy.brid.ap.nu.mastodon.rollspelosofen
400,/.gy.brid.ap.nu.mastodon.smlx4
400,/.gy.brid.ap.online
400,/.gy.brid.ap.online.mastodon
400,/.gy.brid.ap.online.mastodon.infinito
400,/.gy.brid.ap.org
400,/.gy.brid.ap.org.orfodon
400,/.gy.brid.ap.org.orfodon.ORF-Burgenland
400,/.gy.brid.ap.org.sdf
400,/.gy.brid.ap.org.sdf.mastodon
400,/.gy.brid.ap.org.sdf.mastodon.fmhilton
400,/.gy.brid.ap.org.zenmai
400,/.gy.brid.ap.org.zenmai.mtdn
400,/.gy.brid.ap.org.zenmai.mtdn.Tonbi-ko
400,/.gy.brid.ap.page
400,/.gy.brid.ap.page.rettuce
400,/.gy.brid.ap.page.rettuce.calc
400,/.gy.brid.ap.page.rettuce.calc.rns-8i8
400,/.gy.brid.ap.pizza
400,/.gy.brid.ap.pizza.retro
400,/.gy.brid.ap.pizza.retro.RamenJunkie
400,/.gy.brid.ap.pl
400,/.gy.brid.ap.pl.101010
400,/.gy.brid.ap.pl.101010.emill1984
400,/.gy.brid.ap.scot
400,/.gy.brid.ap.scot.mastodon
400,/.gy.brid.ap.scot.mastodon.aleks
400,/.gy.brid.ap.shop
400,/.gy.brid.ap.shop.wandering
400,/.gy.brid.ap.shop.wandering.RachamimOnWheels
400,/.gy.brid.ap.shop.wandering.piersb
400,/.gy.brid.ap.site
400,/.gy.brid.ap.site.stfate
400,/.gy.brid.ap.site.stfate.stfate
400,/.gy.brid.ap.social
400,/.gy.brid.ap.social.berlin
400,/.gy.brid.ap.social.berlin.opnv-bot
400,/.gy.brid.ap.social.bertshouse
400,/.gy.brid.ap.social.bertshouse.ChicagoNewsBot
400,/.gy.brid.ap.social.bildung
400,/.gy.brid.ap.social.bildung.holger-moller
400,/.gy.brid.ap.social.bildung.kulturmensch
400,/.gy.brid.ap.social.equestria
400,/.gy.brid.ap.social.equestria.TheTop10PonyVideos
400,/.gy.brid.ap.social.heads
400,/.gy.brid.ap.social.heads.LiveMusicArchiveUpdates
400,/.gy.brid.ap.social.hear-me
400,/.gy.brid.ap.social.hear-me.NeuKelte
400,/.gy.brid.ap.social.kirche
400,/.gy.brid.ap.social.kirche.doulos
400,/.gy.brid.ap.social.mastodon
400,/.gy.brid.ap.social.mastodon.BenRossTransit
400,/.gy.brid.ap.social.mastodon.DrPen
400,/.gy.brid.ap.social.mastodon.IndyMediaAus
400,/.gy.brid.ap.social.mastodon.LastEquinoxx
400,/.gy.brid.ap.social.mastodon.RonSupportsYou
400,/.gy.brid.ap.social.mastodon.Shkspr80
400,/.gy.brid.ap.social.mastodon.TheDoctor512
400,/.gy.brid.ap.social.mastodon.axiosnews
400,/.gy.brid.ap.social.mastodon.cheeaun
400,/.gy.brid.ap.social.mastodon.egghat
400,/.gy.brid.ap.social.mastodon.jamesbritt
400,/.gy.brid.ap.social.mastodon.okonow
400,/.gy.brid.ap.social.mastodon.thefunnypages
400,/.gy.brid.ap.social.mastodon.umps
400,/.gy.brid.ap.social.mastodon.wolfblade
400,/.gy.brid.ap.social.mementomori
400,/.gy.brid.ap.social.mementomori.ikkeT
400,/.gy.brid.ap.social.meow
400,/.gy.brid.ap.social.meow.rainissance
400,/.gy.brid.ap.social.mindly
400,/.gy.brid.ap.social.mindly.joewynne
400,/.gy.brid.ap.social.mstdn
400,/.gy.brid.ap.social.mstdn.kingu
400,/.gy.brid.ap.social.newsie
400,/.gy.brid.ap.social.newsie.aguamielerogpz
400,/.gy.brid.ap.social.newsie.bespacific
400,/.gy.brid.ap.social.norden
400,/.gy.brid.ap.social.norden.dirksen
400,/.gy.brid.ap.social.pol
400,/.gy.brid.ap.social.pol.kayo77
400,/.gy.brid.ap.social.tyrol
400,/.gy.brid.ap.social.tyrol.matthiasdrexel
400,/.gy.brid.ap.social.vrparty
400,/.gy.brid.ap.social.vrparty.news
400,/.gy.brid.ap.space
400,/.gy.brid.ap.space.mapstodon
400,/.gy.brid.ap.space.mapstodon.justincolegis
400,/.gy.brid.ap.to
400,/.gy.brid.ap.to.mas
400,/.gy.brid.ap.to.mas.NoticiasRockCL
400,/.gy.brid.ap.work
400,/.gy.brid.ap.work.reax
400,/.gy.brid.ap.work.reax.yuba
400,/.gy.brid.ap.world
400,/.gy.brid.ap.world.mastodon
400,/.gy.brid.ap.world.mastodon.MJmusicinears
400,/.gy.brid.ap.world.wetdry
400,/.gy.brid.ap.world.wetdry.kdj8
400,/.gy.brid.ap.zone
400,/.gy.brid.ap.zone.ursal
400,/.gy.brid.ap.zone.ursal.Bruiserzinha
400,/.gy.brid.web
400,/.gy.brid.web.af
400,/.gy.brid.web.af.sputnik
400,/.gy.brid.web.berlin
400,/.gy.brid.web.berlin.stadtparkviertel
400,/.gy.brid.web.br
400,/.gy.brid.web.br.com
400,/.gy.brid.web.br.com.tribunaonline
400,/.gy.brid.web.br.com.uol
400,/.gy.brid.web.br.com.uol.midiamax
400,/.gy.brid.web.com
400,/.gy.brid.web.com.blogmickey
400,/.gy.brid.web.com.drummagazine
400,/.gy.brid.web.com.foxnews
400,/.gy.brid.web.com.radiofarda
400,/.gy.brid.web.com.sputnikglobe
400,/.gy.brid.web.de
400,/.gy.brid.web.de.digitalfernsehen
400,/.gy.brid.web.de.digitalfernsehen.forum
400,/.gy.brid.web.fi
400,/.gy.brid.web.fi.hbl
400,/.gy.brid.web.fi.iltalehti
400,/.gy.brid.web.org
400,/.gy.brid.web.org.arteixo
400,/.horse
400,/.horse.daiwascarlet
400,/.how
400,/.how.bun
400,/.how.bun.alt
400,/.hr
400,/.hr.telegram
400,/.hu
400,/.hu.sikac
400,/.id
400,/.id.danni
400,/.id.halka
400,/.id.truelink
400,/.id.truelink.pithan
400,/.ie
400,/.ie.nearfm
400,/.ie.thejournal
400,/.ie.volunteerdublin
400,/.ie.yiff
400,/.ie.yiff.kim
400,/.im
400,/.im.byk
400,/.im.weather
400,/.im.weather.afg
400,/.im.weather.akq
400,/.im.weather.bis
400,/.im.weather.cys
400,/.im.weather.iwx
400,/.im.weather.spc
400,/.im.weather.zme
400,/.in
400,/.in.endj
400,/.in.endj.azureweekly
400,/.in.katz
400,/.in.me
400,/.in.me.b65
400,/.in.montepy
400,/.in.uukh
400,/.in.uukh.avocado
400,/.industries
400,/.industries.layer
400,/.info
400,/.info.atleti
400,/.info.atleti.de
400,/.info.atleti.en
400,/.info.atleti.fr
400,/.info.atleti.it
400,/.info.br3nnabee
400,/.info.davidmarsden
400,/.info.donnachadelong
400,/.info.inugoya
400,/.info.septicisle
400,/.info.skriptorium
400,/.info.subaco
400,/.info.subaco.gyaku
400,/.info.y-force
400,/.info.y-force.yonatanlebo
400,/.ing
400,/.ing.ispost
400,/.ing.ispost.fuck
400,/.ing.ispost.surfdude29
400,/.ing.murrsuit
400,/.ing.murrsuit.ryffhyena
400,/.ink
400,/.ink.boing
400,/.ink.enjoys
400,/.ink.enjoys.plubio
400,/.ink.irisamelia
400,/.io
400,/.io.artfly
400,/.io.blizard
400,/.io.daflo
400,/.io.denike
400,/.io.hybridinteractive
400,/.io.itch
400,/.io.itch.beachboogeyman
400,/.io.itch.doodledud
400,/.io.itch.exdeath
400,/.io.itch.fabricoppen
400,/.io.itch.juliafcandida
400,/.io.itch.rayala
400,/.io.itch.rolistespod
400,/.io.itch.tangledvirus
400,/.io.itch.tgimenezrgm
400,/.io.itch.vltmn
400,/.io.klonoa
400,/.io.klonoa.bot
400,/.io.lino
400,/.io.mead
400,/.io.msleigh
400,/.io.possumeveryhour
400,/.io.ryanfitzpatrick
400,/.io.tft
400,/.io.tuxedojules
400,/.io.vanslaars
400,/.io.whale-alert
400,/.io.yotes
400,/.io.zeetech
400,/.io.zeetech.zoedsoupe
400,/.irish
400,/.irish.esports
400,/.is
400,/.is.jot
400,/.is.twitchyhagg
400,/.it
400,/.it.acme
400,/.it.acme.esseasterisco
400,/.it.andreafontana
400,/.it.emaele
400,/.it.gamingtalker
400,/.it.marcoabis
400,/.it.pausascenica
400,/.it.valigiablu
400,/.jp
400,/.jp.47news
400,/.jp.bestcalendar
400,/.jp.co
400,/.jp.co.japantimes
400,/.jp.it-libero
400,/.jp.jp-z
400,/.jp.moview
400,/.jp.niwaken
400,/.jp.o0o0
400,/.jp.o0o0.tablesalt
400,/.jp.soramimi
400,/.jp.thursdayonion
400,/.jp.wangdora
400,/.jp.weep
400,/.jp.whizzo
400,/.jp.widtaria
400,/.jp.yaizawa
400,/.jp.yaizawa.cryptobot
400,/.kiwi
400,/.kiwi.koka
400,/.kr
400,/.kr.protogen
400,/.kr.protogen.detail
400,/.land
400,/.land.mewis
400,/.li
400,/.li.sailor
400,/.li.sailor.lura
400,/.link
400,/.link.extwitter
400,/.link.extwitter.abc-es
400,/.link.extwitter.elmundoes
400,/.link.extwitter.pedro-torrijos
400,/.link.mynewsfeed
400,/.live
400,/.live.bennybloom
400,/.live.euwatch
400,/.live.jusfono
400,/.live.lake-michigan
400,/.live.sakana
400,/.live.sakana.mimiky0u
400,/.live.sm64
400,/.live.sm64.dwhatever
400,/.live.volumetrique
400,/.lol
400,/.lol.fridayfun
400,/.lol.hyper
400,/.lol.ishigh
400,/.lol.ito
400,/.lol.keroppi
400,/.lol.lacroixboi
400,/.lol.omg
400,/.lol.omg.pogue
400,/.lol.omg.wojtek
400,/.lol.scd
400,/.lol.scd.jav
400,/.lol.shodansafari
400,/.lol.starsetbyte
400,/.lol.suesmith
400,/.lol.syphodiltz
400,/.lol.wilburn
400,/.london
400,/.london.libertine
400,/.love
400,/.love.elisabeth
400,/.love.evpok
400,/.love.stayhorny
400,/.love.stayhorny.loodkatz
400,/.love.tygre
400,/.lv
400,/.lv.guntis
400,/.lv.id
400,/.lv.id.elzalama
400,/.lv.lsm
400,/.lv.ofelija
400,/.ly
400,/.ly.comfortab
400,/.ly.comfortab.numb
400,/.me
400,/.me.4everbowleggz83
400,/.me.adamchristopher
400,/.me.becamaia
400,/.me.birchtree
400,/.me.bluewall
400,/.me.chelsfc
400,/.me.chelsfc.raccoon
400,/.me.chiisa
400,/.me.cortland
400,/.me.crvg
400,/.me.crvg.malheiros
400,/.me.crvg.vascord
400,/.me.cuducos
400,/.me.doctuhp
400,/.me.drapper
400,/.me.drapper.joel
400,/.me.drjosevalentine
400,/.me.earthangelmike
400,/.me.fasterthanli
400,/.me.gabubellon
400,/.me.halofarm
400,/.me.icel
400,/.me.jacksthena
400,/.me.joashneves
400,/.me.jordiv
400,/.me.kcar
400,/.me.kiyomaru
400,/.me.matsurihi
400,/.me.matsurihi.mltd
400,/.me.moke
400,/.me.mwdelaney
400,/.me.neshura
400,/.me.onesetoffive
400,/.me.pfmj
400,/.me.pfmj.paulo
400,/.me.push2start
400,/.me.ranashoaib
400,/.me.riemaybe
400,/.me.roshn
400,/.me.schb
400,/.me.sedici
400,/.me.slugcat
400,/.me.slugcat.neidrakos
400,/.me.sowenjub
400,/.me.springcomp
400,/.me.surasia
400,/.me.sweeting
400,/.me.takboy
400,/.me.techsassy
400,/.me.theheraldspeaksto
400,/.me.themdom
400,/.me.timkellogg
400,/.me.trainspotting
400,/.me.velnica
400,/.me.yourdadloves
400,/.me.zvuc
400,/.mk
400,/.mk.bsky
400,/.mk.bsky.slepka
400,/.moe
400,/.moe.catfoodsmin
400,/.moe.d4rkwzd
400,/.moe.drnyanpasu
400,/.moe.drunk
400,/.moe.enbyeon
400,/.moe.fandom
400,/.moe.fandom.peachyspring
400,/.moe.fenny
400,/.moe.kohiwainochi
400,/.moe.miq
400,/.moe.yukinogatari
400,/.mom
400,/.mom.horse
400,/.monster
400,/.monster.cinderslash
400,/.monster.cursed
400,/.monster.hanabi
400,/.monster.ukr
400,/.monster.ukr.morevayuliia
400,/.monster.ukr.oksii33
400,/.music
400,/.music.stevejones
400,/.name
400,/.name.blsky
400,/.name.blsky.j
400,/.net
400,/.net.1-mega
400,/.net.2dice
400,/.net.2dice.anymarina
400,/.net.ahze
400,/.net.airlineflyer
400,/.net.amanemo
400,/.net.arborelia
400,/.net.artologica
400,/.net.assiolo
400,/.net.bierly
400,/.net.birdperhour
400,/.net.birgun
400,/.net.blockstackers
400,/.net.chrisshort
400,/.net.climatecasino
400,/.net.cptkrb
400,/.net.cptkrb.official
400,/.net.crschmidt
400,/.net.derrycityfc
400,/.net.derzquist
400,/.net.desmonts
400,/.net.dimension8
400,/.net.edvoncken
400,/.net.ekstrandom
400,/.net.ekstrandom.md
400,/.net.emediaarts
400,/.net.emediaarts.triples-kplus
400,/.net.european-military-aircrafts
400,/.net.farwent
400,/.net.federacionanarquista
400,/.net.ff14clubhub
400,/.net.fullcarry
400,/.net.giersig
400,/.net.giersig.roland
400,/.net.gigazine
400,/.net.gosha
400,/.net.got80s
400,/.net.h0stname
400,/.net.h0stname.malice
400,/.net.haliya
400,/.net.haliya.hiratelier
400,/.net.hancinema
400,/.net.hastwt
400,/.net.hastwt.felonyeden
400,/.net.hiryutatsuki
400,/.net.horsjeu
400,/.net.hyuki
400,/.net.infolibertaire
400,/.net.j2i
400,/.net.jamellebouie
400,/.net.jgworks
400,/.net.jkretrotech
400,/.net.jluther
400,/.net.jo10
400,/.net.kanemajor
400,/.net.konsolifin
400,/.net.laluque
400,/.net.laluque.florian
400,/.net.lealternative
400,/.net.legacymanager
400,/.net.levonian
400,/.net.levonian.gregory
400,/.net.longdariavampysilver
400,/.net.manuelcernuda
400,/.net.markturner
400,/.net.mattrockman
400,/.net.megaslippers
400,/.net.metasedin
400,/.net.millenia3d
400,/.net.mjwhite
400,/.net.mobiuspowered
400,/.net.mobiuspowered.gabriel
400,/.net.mrp
400,/.net.mrp.markrprior
400,/.net.nbaanalysis
400,/.net.niceygy
400,/.net.ninjinskie
400,/.net.noamross
400,/.net.notalegalrecord
400,/.net.notelkz
400,/.net.onionsoft
400,/.net.optimant
400,/.net.orangejp
400,/.net.osa030
400,/.net.pellesten
400,/.net.pg-mana
400,/.net.phoenixblue
400,/.net.porurin0
400,/.net.pyonpyon
400,/.net.pyonpyon.tokachi
400,/.net.ravenseeker
400,/.net.redcomets
400,/.net.revuestarlight
400,/.net.rozpierdala
400,/.net.rozpierdala.chelmi
400,/.net.s20b
400,/.net.sahsi
400,/.net.sahsi.hotsahs
400,/.net.samvanhoutte
400,/.net.schellack
400,/.net.schlucht-drachens
400,/.net.schlucht-drachens.garyuoboro
400,/.net.scrapand
400,/.net.scrapand.bskomiclog
400,/.net.sebwilken
400,/.net.shibadogs
400,/.net.shibadogs.blue-sky
400,/.net.shibadogs.blue-sky.owo
400,/.net.shonborn
400,/.net.simardcasanova
400,/.net.simardcasanova.o
400,/.net.sinkan
400,/.net.sinkan.discover
400,/.net.sionide
400,/.net.sketchynews
400,/.net.skip-f
400,/.net.skip-f.nyam
400,/.net.sksksketch
400,/.net.skywitches
400,/.net.speely
400,/.net.speely.speelbarrow
400,/.net.spierek
400,/.net.stocktitan
400,/.net.subahibi
400,/.net.subahibi.max
400,/.net.tazn
400,/.net.techwoodstudios
400,/.net.thedent
400,/.net.thedirtroad
400,/.net.thedirtroad.jholland444
400,/.net.theouterhaven
400,/.net.therakha
400,/.net.thesodajerk
400,/.net.thesquareball
400,/.net.tothatzoey
400,/.net.tsukihime
400,/.net.tsukihime.pyonoyp
400,/.net.tuzzio
400,/.net.unfitforpurpose
400,/.net.waldo
400,/.net.zur-borg
400,/.news
400,/.news.everton
400,/.news.leedsunited
400,/.news.manchestercity
400,/.news.thespurs
400,/.news.uazmi
400,/.news.writes
400,/.news.writes.josiah
400,/.ninja
400,/.ninja.gune
400,/.ninja.whisper
400,/.nl
400,/.nl.blueskycrew
400,/.nl.blueskycrew.caro
400,/.nl.henkbulder
400,/.nl.hypebright
400,/.nl.hypebright.veerle
400,/.nl.meteohilversum
400,/.nl.plankie
400,/.nl.worldwidewillem
400,/.no
400,/.no.dundasmora
400,/.no.dundasmora.knut
400,/.no.enslask
400,/.no.jkmjel
400,/.no.mariusthorsen
400,/.no.masd
400,/.no.pigalopp
400,/.no.sivertalmvik
400,/.nyc
400,/.nyc.forrest
400,/.nyc.rlux
400,/.one
400,/.one.botany
400,/.online
400,/.online.bookstan
400,/.online.bookstan.chaosfck
400,/.online.catsarecute
400,/.online.ceej
400,/.online.ceuazul
400,/.online.ceuazul.ernani
400,/.online.czesky
400,/.online.czesky.eduardajako
400,/.online.czesky.pankaplan
400,/.online.dr-mcgaugheysummers
400,/.online.drinkfresca
400,/.online.fightins
400,/.online.fightins.photodave219
400,/.online.giromide
400,/.online.gobirds
400,/.online.gobirds.scottwithrage
400,/.online.gobirds.zachzeaman
400,/.online.himejoshi
400,/.online.hola-soy-milk
400,/.online.jackphelps
400,/.online.leicam
400,/.online.mainbastards
400,/.online.mainbastards.nevadadee
400,/.online.mainbastards.ottokt
400,/.online.nickyt
400,/.online.nvgg
400,/.online.ohnoim
400,/.online.penislima
400,/.online.quadrifrons
400,/.online.skeets
400,/.online.skeets.firrss
400,/.online.wifeguy
400,/.online.wifeguy.pyrameadhead
400,/.online.willman
400,/.online.woh2k
400,/.online.woh2k.witchofheart2000
400,/.org
400,/.org.adrianshort
400,/.org.alexn
400,/.org.alternet
400,/.org.bagpuss
400,/.org.billmill
400,/.org.bowlerhatscience
400,/.org.donbecker
400,/.org.edmz
400,/.org.flobakk
400,/.org.flobakk.rune
400,/.org.foodfacts
400,/.org.geoffgreen
400,/.org.gitnation
400,/.org.gitnation.reactadvanced
400,/.org.gleech
400,/.org.happycactus
400,/.org.huepfbeuteltier
400,/.org.huepfbeuteltier.the
400,/.org.hyperlogos
400,/.org.hyperlogos.drink
400,/.org.irisprize
400,/.org.jeykey
400,/.org.kurotsuna142
400,/.org.lanzz
400,/.org.localghost
400,/.org.localghost.mima
400,/.org.londonwebstandards
400,/.org.mitszo
400,/.org.morphoinstitute
400,/.org.mysociety
400,/.org.nafoforum
400,/.org.nafoforum.ducugavril
400,/.org.nationalsecuritylaw
400,/.org.nekoweb
400,/.org.nekoweb.dunderwhelp
400,/.org.neocities
400,/.org.neocities.360-nicholas
400,/.org.neocities.chen157
400,/.org.neocities.kikurireviews
400,/.org.neocities.mihails-guide
400,/.org.netza
400,/.org.ourworldindata
400,/.org.peterskim
400,/.org.robbedroot
400,/.org.smackie
400,/.org.uk100
400,/.org.unclegworl
400,/.org.weinberger
400,/.org.wigu
400,/.org.wingolog
400,/.page
400,/.page.sayan
400,/.party
400,/.party.badvibes
400,/.party.badvibes.brawlite
400,/.party.leet
400,/.party.nang
400,/.party.screaming
400,/.party.starts
400,/.party.starts.ascendantlion
400,/.party.tuft
400,/.party.tuft.kyros
400,/.pet
400,/.pet.tei
400,/.photo
400,/.photo.glass
400,/.photography
400,/.photography.robertmay
400,/.pics
400,/.pics.bun
400,/.pics.keirono
400,/.pictures
400,/.pictures.paranoid
400,/.pizza
400,/.pizza.lion
400,/.pizza.lion.red
400,/.pizza.mutant
400,/.pl
400,/.pl.com
400,/.pl.com.mastodon
400,/.pl.com.mastodon.m0bi
400,/.pl.damiankrawczuk
400,/.pl.erator
400,/.pl.erator.mod
400,/.pl.mkljczk
400,/.pl.wroclaw
400,/.pl.wroclaw.filipek
400,/.plumbing
400,/.plumbing.cosmic
400,/.plumbing.cosmic.jake
400,/.plus
400,/.plus.buny
400,/.plus.buny.eliwhypicbot
400,/.plus.buny.wombatpicbot
400,/.plus.toulouse
400,/.pt
400,/.pt.domingosmoreira
400,/.pt.ix
400,/.pt.ix.portal
400,/.pw
400,/.pw.caya
400,/.pw.kinoko
400,/.pw.kinoko.kinoppoid
400,/.pw.marisa
400,/.quest
400,/.quest.starts
400,/.quest.starts.crltxt
400,/.radio
400,/.radio.jeffro
400,/.radio.toast
400,/.radio.toast.upcoming
400,/.red
400,/.red.diario
400,/.red.orona
400,/.rehab
400,/.rehab.doll
400,/.rehab.doll.in
400,/.rehab.doll.in.tess
400,/.report
400,/.report.homo
400,/.reviews
400,/.reviews.francesmeh
400,/.rip
400,/.rip.fletcher
400,/.rip.pants
400,/.rip.src
400,/.ro
400,/.ro.lovele
400,/.ro.tere
400,/.rocks
400,/.rocks.regolith
400,/.rocks.rocksolver
400,/.rocks.therazorsedge
400,/.rodeo
400,/.rodeo.brain
400,/.rs
400,/.rs.readsettle
400,/.run
400,/.run.haru
400,/.run.rundan
400,/.science
400,/.science.posts
400,/.science.posts.vweer
400,/.scot
400,/.scot.duffeljaiket
400,/.scot.michael
400,/.scot.thedour
400,/.se
400,/.se.ambrosiani
400,/.se.ambrosiani.aron
400,/.se.davor
400,/.se.doomlobbyn
400,/.se.etc
400,/.se.flamman
400,/.se.flamman.jacob
400,/.se.jorin
400,/.se.journalisten
400,/.se.petrahall
400,/.se.waywi
400,/.se.zop
400,/.sh
400,/.sh.onalea
400,/.sh.onalea.puppywave
400,/.sh.sabine
400,/.shop
400,/.shop.thedudeabides
400,/.site
400,/.site.tvlive
400,/.sk
400,/.sk.olver
400,/.ski
400,/.ski.gadom
400,/.social
400,/.social.5sosfam
400,/.social.5sosfam.cliffordline
400,/.social.army
400,/.social.army.allikuja
400,/.social.army.angiie
400,/.social.army.angleeyze
400,/.social.army.bangtan-starling
400,/.social.army.bangtanyworld
400,/.social.army.black-sugar
400,/.social.army.diamondjinbr
400,/.social.army.gabjkook
400,/.social.army.harmyvjk
400,/.social.army.hoseoklips
400,/.social.army.jinnju1ce
400,/.social.army.kpopyardieot7
400,/.social.army.loupssopeworld
400,/.social.army.meowtide
400,/.social.army.monrkive
400,/.social.army.taegiline
400,/.social.army.trailrunteach
400,/.social.atiny
400,/.social.atiny.heefietindo
400,/.social.atiny.hyalinemin
400,/.social.beyhive
400,/.social.beyhive.annmariesbitch
400,/.social.beyhive.supadupaty
400,/.social.bulles
400,/.social.bulles.alucard
400,/.social.coys
400,/.social.coys.iain
400,/.social.dias
400,/.social.directioners
400,/.social.directioners.boyihavealwaysbeen
400,/.social.directioners.cbrbluegreengirl
400,/.social.directioners.tiffc80
400,/.social.emos
400,/.social.emos.selfishmachxines
400,/.social.emos.utdhwaseo
400,/.social.etheirys
400,/.social.etheirys.floralchemies
400,/.social.etheirys.gwalafell
400,/.social.etheirys.halcyonicaether
400,/.social.etheirys.holos
400,/.social.etheirys.lesbiankrile
400,/.social.etheirys.notmaybronwyn
400,/.social.etheirys.o12s
400,/.social.etheirys.sinclairthered
400,/.social.etheirys.stoutshield
400,/.social.etheirys.wanderingvoid
400,/.social.exol
400,/.social.exol.exolove
400,/.social.fearnot
400,/.social.fearnot.bigbadwowf
400,/.social.fearnot.chillinyuna
400,/.social.fellas
400,/.social.fellas.airbonk
400,/.social.fellas.asu
400,/.social.fellas.babayaga
400,/.social.fellas.bjornbert
400,/.social.fellas.chronosschiron
400,/.social.fellas.comprichard
400,/.social.fellas.delangeleo
400,/.social.fellas.eiwasdann
400,/.social.fellas.fella-sunflower
400,/.social.fellas.flyingchickenfella
400,/.social.fellas.frank-t
400,/.social.fellas.happyonbsky
400,/.social.fellas.hendrik-l
400,/.social.fellas.ignacious
400,/.social.fellas.jupiterquirinus
400,/.social.fellas.kirby
400,/.social.fellas.lizafella
400,/.social.fellas.mike20490420
400,/.social.fellas.n1chn4-v1dm4
400,/.social.fellas.pizzakoerier
400,/.social.fellas.rixende
400,/.social.fellas.sonic67
400,/.social.fellas.tilly
400,/.social.fellas.tummescheit
400,/.social.ilbaretto
400,/.social.ilbaretto.reikashino
400,/.social.jaco
400,/.social.kawaii
400,/.social.kawaii.gabihtm
400,/.social.kawaii.kwanyori
400,/.social.kawaii.shahbanu
400,/.social.lgbtq
400,/.social.lgbtq.jimmypoblano
400,/.social.librarysocialism
400,/.social.louies
400,/.social.louies.bus1
400,/.social.louies.kiwikitten28
400,/.social.louies.saturdays-lou
400,/.social.nath
400,/.social.nerdjoy
400,/.social.outgroup
400,/.social.outgroup.iroasmas
400,/.social.pmd
400,/.social.pmd.arti
400,/.social.pmd.redraboot
400,/.social.pmd.sfw
400,/.social.pmd.starstreamvee
400,/.social.pmd.toggamsyx
400,/.social.pmd.vappywave
400,/.social.revan
400,/.social.satan
400,/.social.satan.dragon64
400,/.social.satan.karlo1337
400,/.social.satan.kebabdestroyer
400,/.social.satan.randomdeadbird
400,/.social.silverkey
400,/.social.swifties
400,/.social.swifties.13ivy-evermore
400,/.social.swifties.alltooalina
400,/.social.swifties.aricochet13
400,/.social.swifties.ashleythebolter
400,/.social.swifties.assholeoutlaw
400,/.social.swifties.ayhtdws13
400,/.social.swifties.babeforthewkend
400,/.social.swifties.bailliemeow
400,/.social.swifties.beccamackenzie
400,/.social.swifties.bethbby
400,/.social.swifties.bronna
400,/.social.swifties.c0wboylikelaila
400,/.social.swifties.cardsharks
400,/.social.swifties.cattayswift
400,/.social.swifties.chillapis
400,/.social.swifties.chorusl1n3
400,/.social.swifties.chyxendi
400,/.social.swifties.dontblamealex
400,/.social.swifties.endeavourtv
400,/.social.swifties.errorglitchts13
400,/.social.swifties.estefaniaao
400,/.social.swifties.fancyshit
400,/.social.swifties.farneseiscool
400,/.social.swifties.fortnite
400,/.social.swifties.getawayhaze
400,/.social.swifties.getawaytowncar
400,/.social.swifties.hayleytv13
400,/.social.swifties.hollyandribbon
400,/.social.swifties.idkman159
400,/.social.swifties.imamirrorball13
400,/.social.swifties.inthecleaningcart
400,/.social.swifties.jessicaivy
400,/.social.swifties.larissa
400,/.social.swifties.lilmisssunshine
400,/.social.swifties.liv
400,/.social.swifties.mareikesrep
400,/.social.swifties.mastermindlilly
400,/.social.swifties.megistus08
400,/.social.swifties.midnightsmanda
400,/.social.swifties.mskeefe
400,/.social.swifties.nereasclean13
400,/.social.swifties.niadidsomethingbad
400,/.social.swifties.nicolehardground
400,/.social.swifties.noooitsbecky
400,/.social.swifties.pollyinthetrees
400,/.social.swifties.safesoundxswift
400,/.social.swifties.sandcastlequeen13
400,/.social.swifties.shadesofash
400,/.social.swifties.shookbyswift13
400,/.social.swifties.sophie
400,/.social.swifties.sotellmetorun
400,/.social.swifties.swiftiie13
400,/.social.swifties.swiftlicitafairs
400,/.social.swifties.tayswiftswrld
400,/.social.swifties.the-prophecyy
400,/.social.swifties.thsweetestcon
400,/.social.swifties.tiredphoenix
400,/.social.swifties.tokenstraightguy
400,/.social.swifties.tswiftaust
400,/.social.swifties.whosurcatty
400,/.social.swifties.wreckmyplansthatsmyamanda
400,/.social.swifties.yixingnatural
400,/.social.teamlh
400,/.social.teamlh.dandidilionsinjune
400,/.social.teamlh.lewisgoatmilton
400,/.social.teamlh.miri
400,/.social.teamlh.nathi
400,/.social.teamlh.remy
400,/.social.teamlh.userhamilton
400,/.social.tifosi
400,/.social.tifosi.forzaalex
400,/.social.tifosi.hearthandsharl
400,/.social.tifosi.lecfosi
400,/.social.tifosi.lesbisharl
400,/.social.tifosi.lotsofluna
400,/.social.twice
400,/.social.twice.flaviafe
400,/.social.vtubers
400,/.social.vtubers.adonisthuul
400,/.social.vtubers.amewatakahashi
400,/.social.vtubers.catboydiem
400,/.social.vtubers.claudethered
400,/.social.vtubers.elainawicker
400,/.social.vtubers.fernwytch
400,/.social.vtubers.hiro
400,/.social.vtubers.kawaiiedge
400,/.social.vtubers.llencoram
400,/.social.vtubers.princess--ducky
400,/.social.vtubers.redactedcat
400,/.social.vtubers.shybeaniebear
400,/.social.vtubers.stardustkuma
400,/.social.vtubers.toxicologymaven
400,/.social.vtubers.xenyasadventures
400,/.social.vtubers.yashahibiki
400,/.social.w3care
400,/.social.wyss
400,/.software
400,/.software.potato
400,/.space
400,/.space.kittycat
400,/.space.kittycat.ad
400,/.space.mixo
400,/.space.railail
400,/.space.theetaurus
400,/.st
400,/.st.selfh
400,/.studio
400,/.studio.multimokia
400,/.style
400,/.style.angelic
400,/.style.dive
400,/.su
400,/.su.abraham
400,/.systems
400,/.systems.nakamura
400,/.team
400,/.team.frontpage
400,/.team.frontpage.will
400,/.tech
400,/.tech.handyco
400,/.tech.handyco.nashdispatch
400,/.tech.ninjago
400,/.tech.ninjago.thmiloud
400,/.tech.paodealho
400,/.tel
400,/.tel.edent
400,/.tel.mice
400,/.tel.mice.iczero
400,/.tf
400,/.tf.luke
400,/.today
400,/.today.die-bitches-die
400,/.tokyo
400,/.tokyo.hundredscolor
400,/.tokyo.j1fm
400,/.tokyo.j1fm.gold
400,/.tokyo.j1fm.hits
400,/.tokyo.j1fm.xtra
400,/.tokyo.rumraisin
400,/.tokyo.rumraisin.rei
400,/.top
400,/.top.joshler
400,/.top.joshler.clancyplease
400,/.top.kodama
400,/.top.kodama.cav
400,/.town
400,/.town.autumn
400,/.travel
400,/.travel.loves
400,/.travel.loves.chos
400,/.tv
400,/.tv.ballsack
400,/.tv.ballsack.feed
400,/.tv.fairfruit
400,/.tv.jepson
400,/.tv.jimnobu
400,/.tv.midgeman
400,/.ua
400,/.ua.pp
400,/.ua.pp.dzm
400,/.uk
400,/.uk.andrewjones
400,/.uk.bishnymwx
400,/.uk.bitoclass
400,/.uk.bitoclass.twitter
400,/.uk.bloops
400,/.uk.bobin
400,/.uk.bobin.robin
400,/.uk.co
400,/.uk.co.andykjcragg
400,/.uk.co.balconyshirts
400,/.uk.co.catboots
400,/.uk.co.dailymail
400,/.uk.co.davidwhitney
400,/.uk.co.deearchive
400,/.uk.co.evertonthegear
400,/.uk.co.fifeweather
400,/.uk.co.footballtalentreports
400,/.uk.co.giagia
400,/.uk.co.goodluckbabe
400,/.uk.co.harrymitchell
400,/.uk.co.heatonhawksladies
400,/.uk.co.hollywoodbox
400,/.uk.co.jamescalbraith
400,/.uk.co.kcatticus
400,/.uk.co.kentonline
400,/.uk.co.kosso
400,/.uk.co.liamdevereux
400,/.uk.co.liverpoolacoustic
400,/.uk.co.lukealexdavis
400,/.uk.co.maidsofengland
400,/.uk.co.proud-geek
400,/.uk.co.pvg
400,/.uk.co.richardosborne
400,/.uk.co.rosjackson
400,/.uk.co.stoutstoat
400,/.uk.co.thebotdev
400,/.uk.co.thecourier
400,/.uk.co.theexample
400,/.uk.co.truckthepolarbear
400,/.uk.co.vickigausden
400,/.uk.co.wallofsoundpr
400,/.uk.co.whisperingwind
400,/.uk.co.wycombegigs
400,/.uk.codeymiller
400,/.uk.davestewart
400,/.uk.hazan
400,/.uk.hazan.jonathan
400,/.uk.jpgb
400,/.uk.jpgb.joe
400,/.uk.layeredstrange
400,/.uk.mcrlibdems
400,/.uk.mcrlibdems.alangoodld
400,/.uk.org
400,/.uk.org.hilton
400,/.uk.org.kincaid
400,/.uk.rangersnews
400,/.uk.stephclaire
400,/.uk.thelastboyscout
400,/.uk.thelastboyscout.hallenbeck
400,/.uk.tjrh
400,/.uk.weeto
400,/.uk.wihtlore
400,/.us
400,/.us.basetwojes
400,/.us.baudrillardwarned
400,/.us.bondageman
400,/.us.bunkum
400,/.us.jaygerland
400,/.us.lordedemii
400,/.us.nws-bot
400,/.us.nws-bot.cys
400,/.us.nws-bot.fai
400,/.us.nws-bot.orf
400,/.us.rawlinson
400,/.us.rockhardcauc
400,/.us.rockhardcauc.justinkcomer
400,/.wang
400,/.wang.biiig
400,/.wang.biiig.bloodbag
400,/.website
400,/.website.exeat
400,/.win
400,/.win.hyeon
400,/.win.timka
400,/.work
400,/.work.epico
400,/.work.tmnium
400,/.ws
400,/.ws.letmelickyourpa
400,/.ws.letmelickyourpa.please
400,/.wtf
400,/.wtf.camo
400,/.wtf.crowbar
400,/.wtf.eris
400,/.wtf.falk
400,/.wtf.falk.a
400,/.wtf.lexys
400,/.wtf.lgbt
400,/.wtf.lgbt.michael
400,/.xxx
400,/.xxx.domiwoof
400,/.xyz
400,/.xyz.altgr
400,/.xyz.altgr.graysky
400,/.xyz.ameliamnesia
400,/.xyz.casteleira
400,/.xyz.cozykeeks
400,/.xyz.ealmuina
400,/.xyz.fuck-elon-musk
400,/.xyz.heavenonline
400,/.xyz.imkaga
400,/.xyz.jami
400,/.xyz.jcdenton
400,/.xyz.lardverse
400,/.xyz.larsw
400,/.xyz.millergeek
400,/.xyz.millergeek.art
400,/.xyz.radpanda
400,/.xyz.socialnews
400,/.xyz.tinyandtrash
400,/.xyz.xanlopez
400,/.xyz.yernemm
400,/.xyz.yernemm.bot
400,/.xyz.yernemm.bot.lovehate
400,/.xyz.zillowtalk
400,/.za
400,/.za.co
400,/.za.co.thesomethingguy
400,/.za.co.vamposts
400,/.zip
400,/.zip.ma8
400,/.zone
400,/.zone.girlfailure
400,/.zone.girlfailure.thevoidful
400,/.zone.josie
400,/.zone.nora
